State,District,Market,Commodity,Variety,Grade,Arrival_Date,Min_x0020_Price,Max_x0020_Price,Modal_x0020_Price
Gujarat,Amreli,Damnagar,Lemon,Lemon,FAQ,24/02/2025,3200,4000,3750
Haryana,Gurgaon,"Farukh Nagar",Onion,Other,FAQ,24/02/2025,3600,4200,3600
Haryana,Gurgaon,Gurgaon,Carrot,Other,FAQ,24/02/2025,800,1000,900
Haryana,Rewari,Kosli,Banana,Other,Medium,24/02/2025,2000,2000,2000
Haryana,Rewari,Kosli,Cauliflower,Other,FAQ,24/02/2025,1500,1500,1500
Kerala,Alappuzha,Chengannur,"Banana - Green","Banana - Green",FAQ,24/02/2025,5400,5800,5500
Kerala,Alappuzha,Chengannur,Beetroot,Beetroot,FAQ,24/02/2025,2800,3300,3000
Kerala,Alappuzha,Chengannur,Carrot,Other,FAQ,24/02/2025,5800,6100,6000
Kerala,Alappuzha,Chengannur,"Cluster beans","Cluster Beans",FAQ,24/02/2025,4800,5100,5000
Kerala,Alappuzha,Chengannur,Coconut,Big,FAQ,24/02/2025,6400,6700,6500
Kerala,Alappuzha,Chengannur,Cucumbar(Kheera),Other,FAQ,24/02/2025,1900,2200,2000
Kerala,Alappuzha,Chengannur,Tomato,Tomato,FAQ,24/02/2025,2800,3100,3000
Kerala,Alappuzha,Harippad,Banana,"Nendra Bale",Medium,24/02/2025,7000,7600,7000
Kerala,Alappuzha,Harippad,Beetroot,Other,FAQ,24/02/2025,5000,5500,5000
Kerala,Alappuzha,Harippad,"Bhindi(Ladies Finger)",Other,FAQ,24/02/2025,4000,4500,4000
Kerala,Alappuzha,Harippad,Cabbage,Other,FAQ,24/02/2025,3500,4000,3500
Kerala,Alappuzha,Harippad,Carrot,Other,FAQ,24/02/2025,6000,6500,6000
Kerala,Alappuzha,Harippad,Cauliflower,Other,FAQ,24/02/2025,4000,4500,4000
Kerala,Kottayam,Pampady,Cabbage,Other,FAQ,24/02/2025,2000,3500,3000
Kerala,Kottayam,Pampady,Potato,Other,FAQ,24/02/2025,2500,4500,4000
Kerala,Kottayam,Pampady,Tapioca,Tapioca,FAQ,24/02/2025,2500,4000,3500
Kerala,Kottayam,Pampady,Tomato,Other,FAQ,24/02/2025,2500,4000,3500
Kerala,Kozhikode(Calicut),Kallachi,Ginger(Green),"Green Ginger",FAQ,24/02/2025,5800,6200,6000
Kerala,Kozhikode(Calicut),Kallachi,Pumpkin,Pumpkin,FAQ,24/02/2025,1800,2200,2000
Kerala,Kozhikode(Calicut),Mukkom,Amphophalus,Amphophalus,FAQ,24/02/2025,5800,6200,6000
Kerala,Kozhikode(Calicut),Mukkom,"Bitter gourd","Bitter Gourd",FAQ,24/02/2025,5000,5400,5200
Kerala,Kozhikode(Calicut),Mukkom,Cucumbar(Kheera),Cucumbar,FAQ,24/02/2025,1800,2200,2000
Kerala,Malappuram,Kottakkal,Banana,"Nendra Bale",Large,24/02/2025,4800,5000,4900
Kerala,Malappuram,Kottakkal,"Bhindi(Ladies Finger)",Other,FAQ,24/02/2025,3600,3800,3700
Kerala,Malappuram,Kottakkal,Grapes,Black,Large,24/02/2025,6300,6500,6400
Kerala,Malappuram,Kottakkal,Potato,Other,FAQ,24/02/2025,2300,2500,2400
Kerala,Pathanamthitta,"Kalanjoor  VFPCK",Cucumbar(Kheera),Cucumbar,FAQ,24/02/2025,2500,2800,2600
Kerala,Pathanamthitta,"Mezhuveli  VFPCK",Turmeric,Local,FAQ,24/02/2025,2800,3000,2900
Kerala,Thirssur,Kodungalloor,Tapioca,Other,FAQ,24/02/2025,2800,3200,2800
Kerala,Thiruvananthapuram,"Chenkal  VFPCK",Banana,"Nendra Bale",Large,24/02/2025,5000,5500,5200
Kerala,Thiruvananthapuram,Parassala,Banana,Palayamthodan,Medium,24/02/2025,2000,2200,2000
Kerala,Thiruvananthapuram,Parassala,"Bhindi(Ladies Finger)",Other,FAQ,24/02/2025,3500,4000,3500
Kerala,Thiruvananthapuram,Parassala,Carrot,Carrot,FAQ,24/02/2025,2800,3000,2800
Kerala,Thiruvananthapuram,Parassala,Colacasia,Other,FAQ,24/02/2025,5800,6000,5800
Kerala,Thiruvananthapuram,Parassala,Lemon,Lemon,FAQ,24/02/2025,4500,5000,4500
Kerala,Thiruvananthapuram,Parassala,Pumpkin,Pumpkin,FAQ,24/02/2025,1800,2000,1800
Nagaland,Kohima,Kohima,Beans,"Beans (Whole)",FAQ,24/02/2025,6000,6200,6100
Nagaland,Kohima,Kohima,Cabbage,Cabbage,FAQ,24/02/2025,4000,4200,4100
Nagaland,Kohima,Kohima,"Green Chilli","Green Chilly",FAQ,24/02/2025,8000,8200,8100
Punjab,Amritsar,Rayya,Onion,Red,FAQ,24/02/2025,3500,3500,3500
Punjab,Bhatinda,"Rampuraphul(Nabha Mandi)",Kinnow,Other,Small,24/02/2025,2500,3500,3000
Punjab,Hoshiarpur,"Tanda Urmur",Apple,Other,Medium,24/02/2025,9000,10000,9500
Punjab,Hoshiarpur,"Tanda Urmur","Bhindi(Ladies Finger)",Other,FAQ,24/02/2025,6000,7000,6500
Punjab,Hoshiarpur,"Tanda Urmur",Brinjal,Other,FAQ,24/02/2025,1500,2000,1800
Punjab,Hoshiarpur,"Tanda Urmur","Field Pea",Other,FAQ,24/02/2025,2500,3000,2800
Punjab,Hoshiarpur,"Tanda Urmur",Papaya,Other,Medium,24/02/2025,3500,4000,3800
Punjab,Mohali,Lalru,Brinjal,Other,FAQ,24/02/2025,2000,2000,2000
Punjab,Mohali,Lalru,Coriander(Leaves),Other,FAQ,24/02/2025,800,800,800
Punjab,Mohali,Lalru,Ginger(Green),"Green Ginger",FAQ,24/02/2025,5000,5000,5000
Punjab,Mohali,Lalru,Methi(Leaves),Other,FAQ,24/02/2025,800,800,800
Punjab,Mohali,Lalru,Tomato,Other,FAQ,24/02/2025,800,1000,900
Telangana,Karimnagar,Gangadhara,Paddy(Dhan)(Common),"I.R. 64",FAQ,24/02/2025,2300,2300,2300
Telangana,Karimnagar,Huzzurabad,Paddy(Dhan)(Common),1001,FAQ,24/02/2025,2300,2300,2300
Telangana,Nalgonda,Aler,"Arhar (Tur/Red Gram)(Whole)","777 New Ind",FAQ,24/02/2025,7550,7550,7550
"Uttar Pradesh",Bijnor,Kiratpur,Gur(Jaggery),Red,FAQ,24/02/2025,3200,3330,3250
"Uttar Pradesh",Bijnor,Kiratpur,Potato,Potato,Non-FAQ,24/02/2025,800,900,850
"Uttar Pradesh",Bulandshahar,Gulavati,Garlic,Desi,FAQ,24/02/2025,15000,16000,15500
"Uttar Pradesh",Bulandshahar,Gulavati,"Green Chilli","Green Chilly",FAQ,24/02/2025,2500,2700,2600
"Uttar Pradesh",Bulandshahar,Gulavati,Lemon,Other,FAQ,24/02/2025,8100,8300,8200
"Uttar Pradesh","Khiri (Lakhimpur)",Maigalganj,Brinjal,Other,FAQ,24/02/2025,1850,1900,1875
"Uttar Pradesh","Khiri (Lakhimpur)",Maigalganj,Gur(Jaggery),Pathari,FAQ,24/02/2025,3200,3280,3240
"Uttar Pradesh","Khiri (Lakhimpur)",Maigalganj,Onion,Red,FAQ,24/02/2025,2700,2775,2740
"Uttar Pradesh",Mau(Maunathbhanjan),Doharighat,Cauliflower,Other,FAQ,24/02/2025,1200,1250,1235
"Uttar Pradesh",Mau(Maunathbhanjan),Doharighat,Tomato,Deshi,FAQ,24/02/2025,700,800,755
"Uttar Pradesh",Mau(Maunathbhanjan),Kopaganj,Tomato,Hybrid,FAQ,24/02/2025,700,800,750
Uttrakhand,Dehradoon,Vikasnagar,Cauliflower,Other,FAQ,24/02/2025,300,600,600
Uttrakhand,Haridwar,Roorkee,Beans,"Beans (Whole)",FAQ,24/02/2025,400,600,500
Uttrakhand,Haridwar,Roorkee,Brinjal,Other,FAQ,24/02/2025,350,600,500
Uttrakhand,Haridwar,Roorkee,Tomato,Other,FAQ,24/02/2025,700,1100,900
Gujarat,Amreli,Damnagar,Brinjal,Other,FAQ,24/02/2025,850,1550,1200
Haryana,Gurgaon,"Farukh Nagar",Tomato,Other,FAQ,24/02/2025,1000,1400,1000
Haryana,Gurgaon,Gurgaon,Grapes,Other,Large,24/02/2025,5000,10000,7500
Haryana,Gurgaon,Gurgaon,Pomegranate,Other,Large,24/02/2025,8500,10500,9500
Haryana,Rewari,Kosli,Brinjal,Other,FAQ,24/02/2025,1000,1000,1000
Haryana,Rewari,Kosli,Carrot,Other,FAQ,24/02/2025,1000,1000,1000
Kerala,Alappuzha,Alappuzha,Amphophalus,Other,FAQ,24/02/2025,5300,6000,5700
Kerala,Alappuzha,Alappuzha,"Bitter gourd",Other,FAQ,24/02/2025,5600,6500,6000
Kerala,Alappuzha,Chengannur,Ashgourd,Other,FAQ,24/02/2025,1800,2100,2000
Kerala,Alappuzha,Chengannur,Capsicum,Other,FAQ,24/02/2025,0,0,7000
Kerala,Alappuzha,Chengannur,Drumstick,Other,FAQ,24/02/2025,4000,4700,4500
Kerala,Alappuzha,Chengannur,Pumpkin,Other,FAQ,24/02/2025,1900,2200,2000
Kerala,Alappuzha,Harippad,Amaranthus,Other,FAQ,24/02/2025,5000,5500,5000
Kerala,Alappuzha,Harippad,"Banana - Green",Other,FAQ,24/02/2025,5000,5500,5000
Kerala,Alappuzha,Harippad,"Bitter gourd",Other,FAQ,24/02/2025,6000,6500,6000
Kerala,Alappuzha,Harippad,Cucumbar(Kheera),Other,FAQ,24/02/2025,3000,3500,3000
Kerala,Kottayam,Pampady,Amaranthus,Amaranthus,FAQ,24/02/2025,3000,4000,3500
Kerala,Kottayam,Pampady,"Banana - Green","Banana - Green",FAQ,24/02/2025,6500,7500,7000
Kerala,Kottayam,Pampady,Coconut,Coconut,FAQ,24/02/2025,6600,7700,7000
Kerala,Kottayam,Pampady,"Green Chilli","Green Chilly",FAQ,24/02/2025,3700,5000,4500
Kerala,Kozhikode(Calicut),Kallachi,Amaranthus,Amaranthus,FAQ,24/02/2025,2800,3200,3000
Kerala,Kozhikode(Calicut),Kallachi,Banana,Palayamthodan,Medium,24/02/2025,3000,3400,3200
Kerala,Kozhikode(Calicut),Kallachi,Beetroot,Beetroot,FAQ,24/02/2025,2800,3200,3000
Kerala,Kozhikode(Calicut),Kallachi,"Bitter gourd","Bitter Gourd",FAQ,24/02/2025,3300,3700,3500
Kerala,Kozhikode(Calicut),Kallachi,Potato,Other,FAQ,24/02/2025,2600,3000,2800
Kerala,Kozhikode(Calicut),Mukkom,Apple,Other,Large,24/02/2025,18000,19000,18500
Kerala,Kozhikode(Calicut),Mukkom,Banana,Other,Large,24/02/2025,6500,7000,6700
Kerala,Kozhikode(Calicut),Mukkom,Beetroot,Beetroot,FAQ,24/02/2025,4200,4500,4400
Kerala,Kozhikode(Calicut),Mukkom,Pumpkin,Pumpkin,FAQ,24/02/2025,2300,2700,2500
Kerala,Kozhikode(Calicut),Mukkom,Snakeguard,Snakeguard,FAQ,24/02/2025,3200,3400,3300
Kerala,Malappuram,Kottakkal,Brinjal,Other,FAQ,24/02/2025,1200,1400,1300
Kerala,Malappuram,Kottakkal,Cabbage,Other,FAQ,24/02/2025,1200,1400,1300
Kerala,Malappuram,Kottakkal,Carrot,Other,FAQ,24/02/2025,5200,5400,5300
Kerala,Malappuram,Kottakkal,"Cowpea (Lobia/Karamani)",Other,FAQ,24/02/2025,2400,2600,2500
Kerala,Malappuram,Kottakkal,Mango,Amrapali,Large,24/02/2025,9300,9500,9400
Kerala,Malappuram,Kottakkal,"Mousambi(Sweet Lime)",Mosambi-Organic,Large,24/02/2025,5000,5200,5100
Kerala,Malappuram,Kottakkal,Pumpkin,Other,FAQ,24/02/2025,1000,1200,1100
Kerala,Pathanamthitta,"Kalanjoor  VFPCK",Cowpea(Veg),"Cowpea (Veg)",FAQ,24/02/2025,6000,7000,6200
Kerala,Pathanamthitta,"Kalanjoor  VFPCK","Elephant Yam (Suran)","Elephant Yam (Suran)",FAQ,24/02/2025,6200,6500,6300
Kerala,Pathanamthitta,"Mezhuveli  VFPCK",Snakeguard,Other,FAQ,24/02/2025,1000,3500,2600
Kerala,Pathanamthitta,"Pramadom VFPCK",Banana,"Nendra Bale",Large,24/02/2025,4500,6000,5000
Kerala,Pathanamthitta,Ranniangadi,Brinjal,Brinjal,FAQ,24/02/2025,3000,3500,3500
Kerala,Pathanamthitta,Ranniangadi,Cowpea(Veg),"Cowpea (Veg)",FAQ,24/02/2025,7000,7500,7500
Kerala,Thiruvananthapuram,Parassala,Banana,"Nendra Bale",Medium,24/02/2025,6500,6800,6500
Kerala,Thiruvananthapuram,Parassala,Drumstick,Drumstick,FAQ,24/02/2025,10000,11000,10000
Kerala,Thiruvananthapuram,Parassala,Tomato,Tomato,FAQ,24/02/2025,3500,4000,3500
Nagaland,Kohima,Kohima,Carrot,Carrot,FAQ,24/02/2025,6000,6200,6100
Nagaland,Kohima,Kohima,Ginger(Green),"Green Ginger",FAQ,24/02/2025,12000,12200,12100
Nagaland,Tsemenyu,Tsemenyu,Ginger(Green),"Green Ginger",FAQ,24/02/2025,300000,380000,350000
Nagaland,Tsemenyu,Tsemenyu,"Leafy Vegetable","Leafy Vegetables",FAQ,24/02/2025,2000,2500,2200
Punjab,Amritsar,Rayya,Raddish,Other,FAQ,24/02/2025,500,500,500
Punjab,Amritsar,Rayya,Tomato,Hybrid,FAQ,24/02/2025,1900,1900,1900
Punjab,Bhatinda,"Rampuraphul(Nabha Mandi)",Onion,Other,Non-FAQ,24/02/2025,2500,3500,3000
Punjab,Bhatinda,"Rampuraphul(Nabha Mandi)",Potato,Other,Non-FAQ,24/02/2025,250,350,300
Punjab,Hoshiarpur,"Tanda Urmur",Cauliflower,Other,FAQ,24/02/2025,600,800,700
Punjab,Hoshiarpur,"Tanda Urmur",Garlic,Other,FAQ,24/02/2025,10000,12000,11000
Punjab,Hoshiarpur,"Tanda Urmur",Grapes,Other,Medium,24/02/2025,6000,7000,6500
Punjab,Hoshiarpur,"Tanda Urmur",Orange,Other,Medium,24/02/2025,2000,2500,2200
Punjab,Hoshiarpur,"Tanda Urmur",Turnip,Other,FAQ,24/02/2025,1000,1500,1200
Punjab,Mohali,Lalru,"Bottle gourd",Other,FAQ,24/02/2025,2000,2000,2000
Punjab,Mohali,Lalru,Carrot,Other,FAQ,24/02/2025,700,1000,800
Punjab,Mohali,Lalru,Spinach,Other,FAQ,24/02/2025,1000,1000,1000
Rajasthan,Jaisalmer,Jaisalmer,Onion,Other,FAQ,24/02/2025,1400,1800,1600
Telangana,Karimnagar,Vemulawada,Paddy(Dhan)(Common),1001,FAQ,24/02/2025,2300,2320,2320
Tripura,"North Tripura",Dasda,Potato,Local,FAQ,24/02/2025,1500,2000,1750
"Uttar Pradesh",Bulandshahar,Gulavati,Cucumbar(Kheera),Cucumbar,FAQ,24/02/2025,1300,1500,1400
"Uttar Pradesh",Bulandshahar,Gulavati,Ginger(Green),"Green Ginger",FAQ,24/02/2025,7100,7300,7200
"Uttar Pradesh",Bulandshahar,Gulavati,Onion,Red,FAQ,24/02/2025,2000,2200,2100
"Uttar Pradesh",Bulandshahar,Gulavati,Raddish,Other,FAQ,24/02/2025,600,800,700
"Uttar Pradesh","Khiri (Lakhimpur)",Maigalganj,"Green Chilli","Green Chilly",FAQ,24/02/2025,2900,2980,2940
"Uttar Pradesh","Khiri (Lakhimpur)",Maigalganj,Potato,Desi,FAQ,24/02/2025,2000,2080,2040
"Uttar Pradesh",Mau(Maunathbhanjan),Doharighat,"Masur Dal","Kala Masoor New",FAQ,24/02/2025,9000,9100,9065
"Uttar Pradesh",Mau(Maunathbhanjan),Doharighat,Onion,Red,FAQ,24/02/2025,3900,4000,3960
"Uttar Pradesh",Mau(Maunathbhanjan),Doharighat,Potato,Potato,FAQ,24/02/2025,1300,1400,1345
"Uttar Pradesh",Mau(Maunathbhanjan),Doharighat,Rice,"1009 Kar",FAQ,24/02/2025,3600,3700,3650
"Uttar Pradesh",Mau(Maunathbhanjan),Kopaganj,"Green Chilli","Green Chilly",FAQ,24/02/2025,1300,1500,1400
"Uttar Pradesh",Mau(Maunathbhanjan),Kopaganj,Onion,Red,FAQ,24/02/2025,2100,2300,2200
"Uttar Pradesh",Prayagraj,Lediyari,Rice,Common,FAQ,24/02/2025,2600,2700,2650
Uttrakhand,Dehradoon,Vikasnagar,"Field Pea",Other,FAQ,24/02/2025,700,1200,1200
Uttrakhand,Dehradoon,Vikasnagar,Raddish,Other,FAQ,24/02/2025,400,500,500
Uttrakhand,Haridwar,Roorkee,Potato,Other,FAQ,24/02/2025,800,1200,1000
Gujarat,Amreli,Damnagar,"Bhindi(Ladies Finger)",Bhindi,FAQ,24/02/2025,2850,4050,3500
Gujarat,Amreli,Damnagar,Cabbage,Cabbage,FAQ,24/02/2025,200,500,350
Gujarat,Amreli,Damnagar,Coriander(Leaves),Coriander,FAQ,24/02/2025,1200,2050,1750
Gujarat,Amreli,Damnagar,Ginger(Green),"Green Ginger",FAQ,24/02/2025,3500,4500,4050
Gujarat,Amreli,Damnagar,Guar,Gwar,FAQ,24/02/2025,5250,6050,5700
Haryana,Gurgaon,Gurgaon,Cabbage,Other,FAQ,24/02/2025,1000,1400,1200
Haryana,Gurgaon,Gurgaon,Kinnow,Other,Large,24/02/2025,2000,4000,3000
Kerala,Alappuzha,Alappuzha,"Banana - Green",Other,FAQ,24/02/2025,3900,4500,4200
Kerala,Alappuzha,Alappuzha,Beetroot,Other,FAQ,24/02/2025,5200,5800,5500
Kerala,Alappuzha,Alappuzha,"Bhindi(Ladies Finger)",Other,FAQ,24/02/2025,3900,4500,4300
Kerala,Alappuzha,Chengannur,Cabbage,Other,FAQ,24/02/2025,2850,3100,3000
Kerala,Alappuzha,Chengannur,Garlic,Garlic,FAQ,24/02/2025,0,0,11000
Kerala,Alappuzha,Chengannur,"Green Chilli","Green Chilly",FAQ,24/02/2025,3700,4100,4000
Kerala,Alappuzha,Chengannur,Lemon,Lemon,FAQ,24/02/2025,0,0,6000
Kerala,Alappuzha,Chengannur,"Mango (Raw-Ripe)","Mango - Raw-Ripe",FAQ,24/02/2025,0,0,5000
Kerala,Alappuzha,Chengannur,Potato,Potato,FAQ,24/02/2025,3900,4200,4000
Kerala,Alappuzha,Harippad,"Bottle gourd",Other,FAQ,24/02/2025,2000,2500,2000
Kerala,Alappuzha,Harippad,Capsicum,Other,FAQ,24/02/2025,8000,8700,8000
Kerala,Kottayam,Pampady,Ashgourd,Other,FAQ,24/02/2025,1500,3000,2500
Kerala,Kottayam,Pampady,Banana,Medium,Medium,24/02/2025,6500,7500,7000
Kerala,Kottayam,Pampady,Banana,Palayamthodan,Medium,24/02/2025,1800,3500,3000
Kerala,Kottayam,Pampady,Cucumbar(Kheera),Other,FAQ,24/02/2025,1500,3000,2500
Kerala,Kottayam,Pampady,Ginger(Green),"Green Ginger",FAQ,24/02/2025,8000,10000,9000
Kerala,Kozhikode(Calicut),Kallachi,Ashgourd,Ashgourd,FAQ,24/02/2025,1600,2000,1800
Kerala,Kozhikode(Calicut),Kallachi,Banana,Rasakathai,Medium,24/02/2025,5300,5700,5500
Kerala,Kozhikode(Calicut),Kallachi,Carrot,Carrot,FAQ,24/02/2025,5600,6000,5800
Kerala,Kozhikode(Calicut),Kallachi,"Cluster beans","Cluster Beans",FAQ,24/02/2025,4400,4800,4600
Kerala,Kozhikode(Calicut),Kallachi,Cowpea(Veg),"Cowpea (Veg)",FAQ,24/02/2025,3300,3700,3500
Kerala,Kozhikode(Calicut),Kallachi,"Green Chilli","Green Chilly",FAQ,24/02/2025,3300,3700,3500
Kerala,Kozhikode(Calicut),Kallachi,Onion,Other,FAQ,24/02/2025,3200,3600,3400
Kerala,Kozhikode(Calicut),Mukkom,"Banana - Green","Banana - Green",FAQ,24/02/2025,5500,5800,5600
Kerala,Kozhikode(Calicut),Mukkom,"Bottle gourd","Bottle Gourd",FAQ,24/02/2025,3200,3500,3400
Kerala,Kozhikode(Calicut),Mukkom,Cabbage,Cabbage,FAQ,24/02/2025,2500,2800,2600
Kerala,Kozhikode(Calicut),Mukkom,"Coconut Seed",Other,FAQ,24/02/2025,5400,5700,5500
Kerala,Kozhikode(Calicut),Mukkom,Cowpea(Veg),"Cowpea (Veg)",FAQ,24/02/2025,5600,6000,5800
Kerala,Kozhikode(Calicut),Mukkom,Grapes,Other,Large,24/02/2025,7000,8000,7500
Kerala,Kozhikode(Calicut),Mukkom,Onion,Onion,FAQ,24/02/2025,4000,4400,4200
Kerala,Kozhikode(Calicut),Mukkom,Potato,Other,FAQ,24/02/2025,3200,3500,3400
Kerala,Malappuram,Kottakkal,Amphophalus,Other,FAQ,24/02/2025,5300,5500,5400
Kerala,Malappuram,Kottakkal,"Banana - Green","Banana - Green",FAQ,24/02/2025,2800,3000,2900
Kerala,Malappuram,Kottakkal,"Bottle gourd",Other,FAQ,24/02/2025,1800,2000,1900
Kerala,Malappuram,Kottakkal,Capsicum,Other,FAQ,24/02/2025,3800,4000,3900
Kerala,Malappuram,Kottakkal,Cucumbar(Kheera),Other,FAQ,24/02/2025,3300,3500,3400
Kerala,Malappuram,Kottakkal,Onion,Other,FAQ,24/02/2025,3500,3700,3600
Kerala,Pathanamthitta,"Mezhuveli  VFPCK",Banana,Poovan,Large,24/02/2025,2500,5000,3900
Kerala,Pathanamthitta,"Mezhuveli  VFPCK",Drumstick,Drumstick,FAQ,24/02/2025,9000,10000,9300
Kerala,Pathanamthitta,Pandalam,"Coconut Oil","Copra Oil",FAQ,24/02/2025,22700,26000,22700
Kerala,Pathanamthitta,Ranniangadi,"Bitter gourd","Bitter Gourd",FAQ,24/02/2025,5500,6500,6000
Kerala,Pathanamthitta,Ranniangadi,Snakeguard,Snakeguard,FAQ,24/02/2025,3000,3500,3200
Kerala,Thiruvananthapuram,"Chenkal  VFPCK",Banana,Palayamthodan,Large,24/02/2025,2000,2500,2200
Kerala,Thiruvananthapuram,Parassala,Amaranthus,Amaranthus,FAQ,24/02/2025,6800,7000,6800
Kerala,Thiruvananthapuram,Parassala,Banana,Rasakathai,Medium,24/02/2025,5500,6000,5500
Kerala,Thiruvananthapuram,Parassala,Banana,"Red Banana",Medium,24/02/2025,5800,6000,5800
Kerala,Thiruvananthapuram,Parassala,Beetroot,Beetroot,FAQ,24/02/2025,3000,3200,3000
Kerala,Thiruvananthapuram,Parassala,Brinjal,Round,FAQ,24/02/2025,3500,4000,3500
Kerala,Thiruvananthapuram,Parassala,Cucumbar(Kheera),Cucumbar,FAQ,24/02/2025,4800,5000,4800
Kerala,Thiruvananthapuram,"Parassala VFPCK","Banana - Green","Banana - Green",FAQ,24/02/2025,4800,5200,5000
Nagaland,Kohima,Kohima,Pumpkin,Other,FAQ,24/02/2025,4000,4200,4100
Nagaland,Tsemenyu,Tsemenyu,Banana,Banana-Organic,Medium,24/02/2025,4000,5000,4500
Punjab,Amritsar,Rayya,Brinjal,Brinjal,FAQ,24/02/2025,900,900,900
Punjab,Gurdaspur,Kalanaur,Raddish,Other,FAQ,24/02/2025,200,200,200
Punjab,Hoshiarpur,"Tanda Urmur",Ginger(Dry),Other,FAQ,24/02/2025,6000,7000,6500
Punjab,Hoshiarpur,"Tanda Urmur",Lemon,Other,FAQ,24/02/2025,7000,8000,7500
Punjab,Hoshiarpur,"Tanda Urmur",Potato,Other,FAQ,24/02/2025,900,1200,1000
Punjab,Hoshiarpur,"Tanda Urmur",Raddish,Other,FAQ,24/02/2025,800,1200,1000
Punjab,Mohali,Lalru,Pumpkin,Other,FAQ,24/02/2025,2000,2000,2000
Rajasthan,Jaisalmer,Jaisalmer,Potato,Potato,FAQ,24/02/2025,800,1000,900
Tripura,"North Tripura",Dasda,Brinjal,Round/Long,FAQ,24/02/2025,2000,2500,2250
Tripura,"North Tripura",Dasda,Rice,Masuri,FAQ,24/02/2025,3400,3600,3500
"Uttar Pradesh",Badaun,Babrala,"Bajra(Pearl Millet/Cumbu)",Deshi,Non-FAQ,24/02/2025,2380,2400,2390
"Uttar Pradesh",Bulandshahar,Gulavati,Carrot,Carrot,FAQ,24/02/2025,1200,1400,1300
"Uttar Pradesh",Hathras,Shadabad,Tomato,Deshi,FAQ,24/02/2025,700,800,750
"Uttar Pradesh","Khiri (Lakhimpur)",Maigalganj,Apple,"Kasmir/Shimla - II",Medium,24/02/2025,9000,9075,9040
"Uttar Pradesh",Mau(Maunathbhanjan),Doharighat,Lemon,Lemon,FAQ,24/02/2025,1900,2000,1955
"Uttar Pradesh",Mau(Maunathbhanjan),Kopaganj,Banana,Medium,Medium,24/02/2025,1000,1200,1100
"Uttar Pradesh",Mau(Maunathbhanjan),Kopaganj,"Bhindi(Ladies Finger)",Bhindi,FAQ,24/02/2025,800,1000,900
"Uttar Pradesh",Mau(Maunathbhanjan),Kopaganj,"Bottle gourd","Bottle Gourd",FAQ,24/02/2025,1000,1150,1100
"Uttar Pradesh",Mau(Maunathbhanjan),Kopaganj,Cucumbar(Kheera),Cucumbar,FAQ,24/02/2025,1000,1200,1100
"Uttar Pradesh",Rampur,Vilaspur,Orange,Darjeeling,Medium,24/02/2025,3000,3800,3400
Uttrakhand,Dehradoon,Vikasnagar,"Green Chilli",Other,FAQ,24/02/2025,700,1500,1500
Uttrakhand,Dehradoon,Vikasnagar,Tomato,Other,Non-FAQ,24/02/2025,1000,1500,1500
Uttrakhand,Haridwar,Roorkee,Cauliflower,Other,FAQ,24/02/2025,300,500,400
Uttrakhand,Haridwar,Roorkee,Onion,Other,FAQ,24/02/2025,2500,4000,3500
"Andhra Pradesh",Chittor,Chittoor,Gur(Jaggery),"NO 2",FAQ,24/02/2025,3300,3500,3500
Haryana,Gurgaon,"Farukh Nagar",Potato,Other,FAQ,24/02/2025,1100,1500,1100
Haryana,Gurgaon,Gurgaon,Banana,Other,Large,24/02/2025,2000,3000,2500
Haryana,Gurgaon,Gurgaon,Cauliflower,Other,FAQ,24/02/2025,600,700,650
Haryana,Gurgaon,Gurgaon,Tomato,Other,FAQ,24/02/2025,800,1200,1000
Kerala,Alappuzha,Alappuzha,Amaranthus,Other,FAQ,24/02/2025,4500,5500,5000
Kerala,Alappuzha,Alappuzha,Banana,"Nendra Bale",Large,24/02/2025,4600,5400,5000
Kerala,Alappuzha,Alappuzha,Brinjal,Other,FAQ,24/02/2025,3700,4300,4000
Kerala,Alappuzha,Alappuzha,Cabbage,Other,FAQ,24/02/2025,4800,5400,5100
Kerala,Alappuzha,Chengannur,"Bitter gourd",Other,FAQ,24/02/2025,4800,5100,5000
Kerala,Alappuzha,Chengannur,"Bottle gourd",Other,FAQ,24/02/2025,1800,2200,1900
Kerala,Alappuzha,Chengannur,Brinjal,Brinjal,FAQ,24/02/2025,2900,3200,3000
Kerala,Alappuzha,Chengannur,Colacasia,Colacasia,FAQ,24/02/2025,5800,6300,6000
Kerala,Alappuzha,Chengannur,Cowpea(Veg),"Cowpea (Veg)",FAQ,24/02/2025,3900,4200,4000
Kerala,Alappuzha,Chengannur,Ginger(Green),"Green Ginger",FAQ,24/02/2025,0,0,7000
Kerala,Alappuzha,Chengannur,Onion,Onion,FAQ,24/02/2025,3900,4200,4000
Kerala,Alappuzha,Harippad,Ashgourd,Other,FAQ,24/02/2025,3000,3500,3000
Kerala,Alappuzha,Harippad,Brinjal,Other,FAQ,24/02/2025,4000,4500,4000
Kerala,Kottayam,Pampady,"Bhindi(Ladies Finger)",Bhindi,FAQ,24/02/2025,4200,5500,5000
Kerala,Kottayam,Pampady,"Bitter gourd","Bitter Gourd",FAQ,24/02/2025,4000,5000,4500
Kerala,Kottayam,Pampady,Colacasia,Other,FAQ,24/02/2025,4500,6000,5500
Kerala,Kottayam,Pampady,"Elephant Yam (Suran)",Other,FAQ,24/02/2025,5000,6000,5500
Kerala,Kottayam,Pampady,Onion,Big,FAQ,24/02/2025,3500,4500,4000
Kerala,Kottayam,Pampady,Snakeguard,Other,FAQ,24/02/2025,3000,4500,4000
Kerala,Kozhikode(Calicut),Kallachi,Amphophalus,Amphophalus,FAQ,24/02/2025,5200,5600,5400
Kerala,Kozhikode(Calicut),Kallachi,Cabbage,Cabbage,FAQ,24/02/2025,1800,2200,2000
Kerala,Kozhikode(Calicut),Kallachi,Tomato,Tomato,FAQ,24/02/2025,1300,1700,1500
Kerala,Kozhikode(Calicut),Mukkom,Amaranthus,Amaranthus,FAQ,24/02/2025,3200,3500,3400
Kerala,Kozhikode(Calicut),Mukkom,Ashgourd,Other,FAQ,24/02/2025,1700,2000,1800
Kerala,Kozhikode(Calicut),Mukkom,"Bhindi(Ladies Finger)",Bhindi,FAQ,24/02/2025,3500,4000,3700
Kerala,Kozhikode(Calicut),Mukkom,Brinjal,Brinjal,FAQ,24/02/2025,4000,4400,4200
Kerala,Kozhikode(Calicut),Mukkom,Carrot,Carrot,FAQ,24/02/2025,4800,5000,4900
Kerala,Kozhikode(Calicut),Mukkom,Ginger(Green),"Green Ginger",FAQ,24/02/2025,6500,7000,6800
Kerala,Kozhikode(Calicut),Mukkom,"Green Chilli","Green Chilly",FAQ,24/02/2025,4500,5000,4700
Kerala,Kozhikode(Calicut),Mukkom,Tomato,Tomato,FAQ,24/02/2025,2200,2400,2300
Kerala,Malappuram,Kottakkal,Ashgourd,Other,FAQ,24/02/2025,1200,1400,1300
Kerala,Malappuram,Kottakkal,Beans,Other,FAQ,24/02/2025,3400,3600,3500
Kerala,Malappuram,Kottakkal,Beetroot,Beetroot,FAQ,24/02/2025,1600,1800,1700
Kerala,Malappuram,Kottakkal,Cauliflower,Other,FAQ,24/02/2025,1600,1800,1700
Kerala,Malappuram,Kottakkal,Chikoos(Sapota),Other,Large,24/02/2025,3300,3500,3400
Kerala,Malappuram,Kottakkal,Drumstick,Other,FAQ,24/02/2025,9800,10000,9900
Kerala,Malappuram,Kottakkal,Ginger(Green),Other,FAQ,24/02/2025,4300,4500,4400
Kerala,Malappuram,Kottakkal,Guava,Banarasi,Large,24/02/2025,5000,5200,5100
Kerala,Malappuram,Kottakkal,Pineapple,Other,Large,24/02/2025,4800,5000,4900
Kerala,Malappuram,Kottakkal,"Sweet Potato","Hosur Green",FAQ,24/02/2025,3000,3200,3100
Kerala,Malappuram,Kottakkal,Tomato,Other,FAQ,24/02/2025,1500,1700,1600
Kerala,Malappuram,Kottakkal,"Water Melon",Other,Large,24/02/2025,1600,1800,1700
Kerala,Pathanamthitta,"Pramadom VFPCK",Banana,Poovan,Large,24/02/2025,4100,5000,4500
Kerala,Pathanamthitta,Ranniangadi,Amaranthus,Amaranthus,FAQ,24/02/2025,3800,4200,4000
Kerala,Pathanamthitta,Ranniangadi,Ashgourd,Ashgourd,FAQ,24/02/2025,1200,1800,1500
Kerala,Pathanamthitta,Ranniangadi,"Bhindi(Ladies Finger)",Bhindi,FAQ,24/02/2025,4000,4500,4000
Kerala,Pathanamthitta,Ranniangadi,Tapioca,Tapioca,FAQ,24/02/2025,3000,3800,3500
Kerala,Thiruvananthapuram,Parassala,"Cluster beans","Cluster Beans",FAQ,24/02/2025,3000,3500,3000
Kerala,Thiruvananthapuram,Parassala,Tapioca,Tapioca,FAQ,24/02/2025,3800,4000,3800
Nagaland,Tsemenyu,Tsemenyu,Cabbage,Cabbage,FAQ,24/02/2025,2000,2500,2200
Nagaland,Tsemenyu,Tsemenyu,"Season Leaves","Season Leaves",FAQ,24/02/2025,2000,2500,2200
Punjab,Amritsar,Rayya,"Green Chilli","Green Chilly",FAQ,24/02/2025,2400,2400,2400
Punjab,Amritsar,Rayya,Potato,Other,FAQ,24/02/2025,1400,1400,1400
Punjab,Amritsar,Rayya,Tomato,Hybrid,Non-FAQ,24/02/2025,1500,1500,1500
Punjab,Bhatinda,"Rampuraphul(Nabha Mandi)",Tomato,Other,Non-FAQ,24/02/2025,1000,1500,1200
Punjab,Gurdaspur,Kalanaur,"Green Chilli","Green Chilly",FAQ,24/02/2025,3000,3000,3000
Punjab,Hoshiarpur,"Tanda Urmur","Bitter gourd",Other,FAQ,24/02/2025,4000,5000,4500
Punjab,Hoshiarpur,"Tanda Urmur",Cucumbar(Kheera),Other,FAQ,24/02/2025,3000,4000,3500
Punjab,Hoshiarpur,"Tanda Urmur","Sweet Potato","Hosur Green",FAQ,24/02/2025,3500,4000,3800
Punjab,Mohali,Lalru,Cabbage,Other,FAQ,24/02/2025,500,600,600
Punjab,Mohali,Lalru,Capsicum,Other,FAQ,24/02/2025,3500,4000,4000
Punjab,Mohali,Lalru,"Peas Wet",Other,FAQ,24/02/2025,1900,2300,2000
Punjab,Mohali,Lalru,Potato,Other,FAQ,24/02/2025,800,1000,1000
Tripura,"North Tripura",Dasda,Cabbage,Cabbage,FAQ,24/02/2025,500,1000,750
Tripura,"North Tripura",Dasda,Cauliflower,Cauliflower,FAQ,24/02/2025,1000,1500,1250
Tripura,"West District",Champaknagar,Banana,Other,Medium,24/02/2025,2750,2950,2850
"Uttar Pradesh",Bijnor,Kiratpur,Apple,Apple,Medium,24/02/2025,6600,6700,6650
"Uttar Pradesh",Bijnor,Kiratpur,Brinjal,Brinjal,FAQ,24/02/2025,1100,1200,1150
"Uttar Pradesh","Khiri (Lakhimpur)",Maigalganj,Pumpkin,Pumpkin,FAQ,24/02/2025,1500,1570,1540
"Uttar Pradesh",Mau(Maunathbhanjan),Doharighat,Gur(Jaggery),Other,FAQ,24/02/2025,5400,5500,5450
"Uttar Pradesh",Mau(Maunathbhanjan),Kopaganj,Apple,Delicious,Medium,24/02/2025,7200,7400,7300
"Uttar Pradesh",Rampur,Vilaspur,Banana,"Banana - Ripe",Medium,24/02/2025,1700,2100,1900
Uttrakhand,Dehradoon,Vikasnagar,"Bottle gourd",Other,FAQ,24/02/2025,600,600,600
Uttrakhand,Dehradoon,Vikasnagar,Brinjal,Other,FAQ,24/02/2025,600,600,600
Uttrakhand,Dehradoon,Vikasnagar,Cucumbar(Kheera),Other,FAQ,24/02/2025,700,1200,1200
Uttrakhand,Haridwar,Roorkee,Banana,Other,Large,24/02/2025,800,1200,1000
Uttrakhand,Haridwar,Roorkee,"Bitter gourd",Other,FAQ,24/02/2025,400,600,500
Uttrakhand,Haridwar,Roorkee,"Bottle gourd",Other,FAQ,24/02/2025,600,1000,800
Uttrakhand,Haridwar,Roorkee,Carrot,Other,FAQ,24/02/2025,300,500,400
Gujarat,Amreli,Damnagar,Cauliflower,Cauliflower,FAQ,24/02/2025,450,1050,700
Gujarat,Amreli,Damnagar,"Green Chilli","Green Chilly",FAQ,24/02/2025,2200,3050,2750
Gujarat,Amreli,Damnagar,Tomato,Local,Non-FAQ,24/02/2025,250,750,400
Haryana,Gurgaon,Gurgaon,Apple,Other,Large,24/02/2025,5000,10000,7500
Haryana,Gurgaon,Gurgaon,"Bottle gourd","Bottle Gourd",FAQ,24/02/2025,800,1200,1000
Haryana,Gurgaon,Gurgaon,Onion,Other,FAQ,24/02/2025,2000,3000,2500
Haryana,Gurgaon,Gurgaon,Potato,Other,FAQ,24/02/2025,800,1000,900
Haryana,Rewari,Kosli,Raddish,Other,FAQ,24/02/2025,1000,1000,1000
Kerala,Alappuzha,Chengannur,Amphophalus,Other,FAQ,24/02/2025,4900,5200,5000
Kerala,Alappuzha,Chengannur,"Bhindi(Ladies Finger)",Other,FAQ,24/02/2025,3700,4000,3800
Kerala,Alappuzha,Chengannur,Cauliflower,Other,FAQ,24/02/2025,0,0,4000
Kerala,Alappuzha,Chengannur,Onion,Small,FAQ,24/02/2025,5800,6100,6000
Kerala,Alappuzha,Chengannur,Snakeguard,Other,FAQ,24/02/2025,3900,4200,4000
Kerala,Alappuzha,Harippad,Amphophalus,Other,FAQ,24/02/2025,6000,6500,6000
Kerala,Alappuzha,Harippad,Colacasia,Other,FAQ,24/02/2025,8000,8700,8000
Kerala,Alappuzha,Harippad,Cowpea(Veg),Other,FAQ,24/02/2025,4000,4500,4000
Kerala,Ernakulam,"Kunnukara  VFPCK",Banana,"Nendra Bale",Large,24/02/2025,6500,6700,6600
Kerala,Kottayam,Pampady,Banana,Robusta,Medium,24/02/2025,3000,4500,4000
Kerala,Kottayam,Pampady,Brinjal,Brinjal,FAQ,24/02/2025,3000,4000,3500
Kerala,Kottayam,Pampady,Cauliflower,Other,FAQ,24/02/2025,4000,5500,5000
Kerala,Kottayam,Pampady,Cowpea(Veg),Other,FAQ,24/02/2025,4000,5500,5000
Kerala,Kottayam,Pampady,"Little gourd (Kundru)",Other,FAQ,24/02/2025,2800,4000,3500
Kerala,Kottayam,Pampady,"Mango (Raw-Ripe)",Other,FAQ,24/02/2025,5000,6500,6000
Kerala,Kottayam,Pampady,Pumpkin,Pumpkin,FAQ,24/02/2025,1500,3000,2500
Kerala,Kozhikode(Calicut),Kallachi,Banana,"Nendra Bale",Medium,24/02/2025,6000,6400,6200
Kerala,Kozhikode(Calicut),Kallachi,"Bottle gourd","Bottle Gourd",FAQ,24/02/2025,2800,3200,3000
Kerala,Kozhikode(Calicut),Kallachi,Brinjal,Brinjal,FAQ,24/02/2025,2300,2700,2500
Kerala,Kozhikode(Calicut),Kallachi,Drumstick,Drumstick,FAQ,24/02/2025,9800,10200,10000
Kerala,Kozhikode(Calicut),Kallachi,Onion,Other,Non-FAQ,24/02/2025,6800,7200,7000
Kerala,Kozhikode(Calicut),Kallachi,Snakeguard,Snakeguard,FAQ,24/02/2025,3200,3600,3400
Kerala,Kozhikode(Calicut),Mukkom,Drumstick,Drumstick,FAQ,24/02/2025,10000,10600,10300
Kerala,Kozhikode(Calicut),Mukkom,Orange,Other,Large,24/02/2025,6500,7500,7000
Kerala,Kozhikode(Calicut),Mukkom,Pineapple,Other,Large,24/02/2025,7500,8500,8000
Kerala,Malappuram,Kottakkal,Amaranthus,Amaranthus,FAQ,24/02/2025,1600,1800,1700
Kerala,Malappuram,Kottakkal,"Amla(Nelli Kai)",Other,FAQ,24/02/2025,4200,4400,4300
Kerala,Malappuram,Kottakkal,"Amranthas Red","Chawli Lal",FAQ,24/02/2025,1600,1800,1700
Kerala,Malappuram,Kottakkal,Apple,Other,Large,24/02/2025,14800,15000,14900
Kerala,Malappuram,Kottakkal,"Bitter gourd","Bitter Gourd",FAQ,24/02/2025,3600,3800,3700
Kerala,Malappuram,Kottakkal,"Green Chilli",Other,FAQ,24/02/2025,3000,3200,3100
Kerala,Malappuram,Kottakkal,Lemon,Other,FAQ,24/02/2025,4400,4600,4500
Kerala,Malappuram,Kottakkal,Orange,Other,Large,24/02/2025,6300,6500,6400
Kerala,Malappuram,Kottakkal,"Papaya (Raw)",Other,FAQ,24/02/2025,3500,3700,3600
Kerala,Malappuram,Kottakkal,Raddish,Other,FAQ,24/02/2025,2300,2500,2400
Kerala,Malappuram,Kottakkal,Snakeguard,Other,FAQ,24/02/2025,1800,2000,1900
Kerala,Pathanamthitta,"Mezhuveli  VFPCK",Tapioca,Other,FAQ,24/02/2025,2000,3000,2700
Kerala,Thirssur,Kodungalloor,Ashgourd,Other,FAQ,24/02/2025,1300,1600,1400
Kerala,Thiruvananthapuram,"Chenkal  VFPCK",Banana,Rasakathai,Large,24/02/2025,5500,6000,5800
Kerala,Thiruvananthapuram,Parassala,Cabbage,Cabbage,FAQ,24/02/2025,1800,2000,1800
Kerala,Thiruvananthapuram,Parassala,"Elephant Yam (Suran)","Elephant Yam (Suran)",FAQ,24/02/2025,3800,4000,3800
Kerala,Thiruvananthapuram,Parassala,Pineapple,"Pine Apple",Medium,24/02/2025,6500,6800,6500
Nagaland,Tsemenyu,Tsemenyu,Cauliflower,Cauliflower,FAQ,24/02/2025,2300,2700,2500
Punjab,Amritsar,Rayya,"Bhindi(Ladies Finger)",Bhindi,FAQ,24/02/2025,2500,2500,2500
Punjab,Amritsar,Rayya,Cauliflower,Local,FAQ,24/02/2025,600,600,600
Punjab,Amritsar,Rayya,Onion,Red,Non-FAQ,24/02/2025,1700,1700,1700
Punjab,Bhatinda,"Rampuraphul(Nabha Mandi)",Cucumbar(Kheera),Cucumbar,FAQ,24/02/2025,1000,1500,1200
Punjab,Gurdaspur,Kalanaur,Cauliflower,Other,FAQ,24/02/2025,250,250,250
Punjab,Hoshiarpur,"Tanda Urmur",Cabbage,Other,FAQ,24/02/2025,800,1200,1000
Punjab,Hoshiarpur,"Tanda Urmur",Capsicum,Other,FAQ,24/02/2025,3000,4000,3500
Punjab,Hoshiarpur,"Tanda Urmur","Green Chilli",Other,FAQ,24/02/2025,3000,4000,3500
Punjab,Hoshiarpur,"Tanda Urmur",Guava,Guava,Medium,24/02/2025,4000,5000,4500
Punjab,Hoshiarpur,"Tanda Urmur",Kinnow,Other,Medium,24/02/2025,3500,4500,4000
Punjab,Hoshiarpur,"Tanda Urmur",Onion,Other,FAQ,24/02/2025,2800,3500,3000
Punjab,Hoshiarpur,"Tanda Urmur",Pumpkin,Other,FAQ,24/02/2025,2000,2500,2200
Punjab,Hoshiarpur,"Tanda Urmur",Tomato,Other,FAQ,24/02/2025,1500,2000,1800
Punjab,Hoshiarpur,"Tanda Urmur","Yam (Ratalu)",Other,FAQ,24/02/2025,5000,6000,5500
Punjab,Mohali,Lalru,Cauliflower,Other,FAQ,24/02/2025,300,400,400
Punjab,Mohali,Lalru,"Green Chilli",Other,FAQ,24/02/2025,4500,5000,5000
Punjab,Mohali,Lalru,Onion,Other,FAQ,24/02/2025,2600,3000,3000
Rajasthan,Jaisalmer,Mohangarh,"Guar Seed(Cluster Beans Seed)",Other,FAQ,24/02/2025,4900,5500,5200
Telangana,Karimnagar,Huzzurabad,Paddy(Dhan)(Common),MTU-1010,FAQ,24/02/2025,2320,2320,2320
Telangana,Khammam,Charla,"Dry Chillies","Dry Chillies",FAQ,24/02/2025,15200,15400,15300
Tripura,"North Tripura",Dasda,Onion,Onion,FAQ,24/02/2025,3500,4000,3750
"Uttar Pradesh",Bijnor,Kiratpur,Papaya,Papaya,Medium,24/02/2025,2200,2300,2250
"Uttar Pradesh",Bijnor,Kiratpur,Tomato,Tomato,Non-FAQ,24/02/2025,1500,1600,1550
"Uttar Pradesh",Bulandshahar,Gulavati,Brinjal,Other,FAQ,24/02/2025,700,900,800
"Uttar Pradesh",Bulandshahar,Gulavati,Cauliflower,Cauliflower,FAQ,24/02/2025,1100,1300,1200
"Uttar Pradesh",Bulandshahar,Gulavati,Guava,Guava,Medium,24/02/2025,2000,2200,2100
"Uttar Pradesh",Bulandshahar,Gulavati,Potato,Desi,FAQ,24/02/2025,1100,1300,1200
"Uttar Pradesh",Hathras,Shadabad,Onion,Red,FAQ,24/02/2025,2900,3000,2950
"Uttar Pradesh",Hathras,Shadabad,Potato,Desi,FAQ,24/02/2025,800,900,850
"Uttar Pradesh","Khiri (Lakhimpur)",Maigalganj,"Bottle gourd","Bottle Gourd",FAQ,24/02/2025,1700,1750,1725
"Uttar Pradesh",Mau(Maunathbhanjan),Doharighat,"Green Chilli","Green Chilly",FAQ,24/02/2025,5900,6000,5945
"Uttar Pradesh",Mau(Maunathbhanjan),Doharighat,Paddy(Dhan)(Common),1001,FAQ,24/02/2025,2300,2350,2325
"Uttar Pradesh",Mau(Maunathbhanjan),Kopaganj,"Bitter gourd","Bitter Gourd",FAQ,24/02/2025,900,1100,1000
"Uttar Pradesh",Mau(Maunathbhanjan),Kopaganj,Brinjal,Brinjal,FAQ,24/02/2025,1000,1150,1100
"Uttar Pradesh",Mau(Maunathbhanjan),Kopaganj,Cauliflower,Cauliflower,FAQ,24/02/2025,800,1000,900
"Uttar Pradesh",Mau(Maunathbhanjan),Kopaganj,Potato,Desi,FAQ,24/02/2025,600,800,700
Uttrakhand,Dehradoon,Vikasnagar,Carrot,Other,FAQ,24/02/2025,600,800,800
Uttrakhand,Dehradoon,Vikasnagar,Pumpkin,Other,FAQ,24/02/2025,500,800,800
